NationalTOMsRef,Question_Name,Units,Proxy_Value,Target_Number,Target_LEV,Actual_Number_Delivered,Delivered_LEV,Project_name,Industry,Postcode,Contract_Value
NT19,Local Supply Chain Spend (SMEs),£,"£0,66",,,2038653,1345510.98,Project033,Construction,LS15 ,"£7.300.000,00"
NT19,Local Supply Chain Spend (SMEs),£,"£0,66",2374383,1567093.0,2769238,1827697.08,Project034,Construction,PL4 ,"£5.493.226,00"
NT19,Local Supply Chain Spend (SMEs),£,"£0,66",,,3618174,2387994.84,Project056,Construction,WA3 ,"£6.900.000,00"
NT19,Total amount (£) spent through contract with LOCAL MSMEs,£,"£0,64",,,2058504,1321724.39,Project086,Construction,DN14 ,"£4.352.382,00"
NT19,Total amount (£) spent through contract with LOCAL MSMEs,£,"£0,60",,,0,0.0,Project087,Construction,TA1 ,"£27.900.000,00"
NT19,Total amount (£) spent through contract with LOCAL MSMEs,£,"£1,17",,,0,0.0,Project089,Construction,TW3 ,"£43.828.026,00"
NT19,Total amount (£) spent through contract with LOCAL MSMEs,£,"£0,93",,,0,0.0,Project095,Construction,SW9 ,"£4.586.144,00"
NT19,Total amount (£) spent through contract with LOCAL MSMEs,£,"£0,49",,,147061,71955.75,Project098,Construction,DN2 ,"£2.638.338,00"
NT19,Total amount (£) spent with local SMEs through the contract,£,"£0,60",,,4744144,2846486.4,Project102,Construction,NW4 ,"£40.000.000,00"
NT19,Total amount (£) spent with SMEs by non-SME Tier 2 suppliers,£,"£0,60",,,0,0.0,Project102,Construction,NW4 ,"£40.000.000,00"
NT19,Total amount (£) spent through contract with LOCAL MSMEs,£,"£1,14",,,0,0.0,Project103,Construction,SL5 ,"£44.567,00"
NT19,Total amount (£) spent through contract with LOCAL MSMEs,£,"£0,84",,,0,0.0,Project104,Construction,ME1 ,"£281.801,00"
NT19,Total amount (£) spent through contract with LOCAL MSMEs,£,"£0,87",,,0,0.0,Project105,Construction,ME19 ,"£1.591.529,00"
NT19,Total amount (£) spent through contract with LOCAL MSMEs,£,"£1,14",,,0,0.0,Project106,Construction,SL5 ,"£880.582,00"
NT19,Total amount (£) spent through contract with LOCAL MSMEs,£,"£1,02",,,0,0.0,Project107,Construction,GU15 ,"£1.445.758,00"
NT19,Total amount (£) spent through contract with LOCAL MSMEs,£,"£1,14",,,36000,41011.83,Project108,Construction,RG8 ,"£6.253.000,00"
NT19,Total amount (£) spent through contract with LOCAL MSMEs,£,"£1,14",,,84403,96153.37,Project109,Construction,RG42 ,"£4.221.000,00"
NT19,Total amount (£) spent through contract with LOCAL MSMEs,£,"£0,94",,,110000,103485.52,Project110,Construction,OX13 ,"£2.405.000,00"
NT19,Total amount (£) spent through contract with LOCAL MSMEs,£,"£1,14",,,233000,265437.66,Project111,Construction,SL5 ,"£13.889.130,00"
NT19,Total amount (£) spent through contract with LOCAL MSMEs,£,"£0,87",,,0,0.0,Project114,Construction,CM23 ,"£6.319.837,00"
NT19,Total amount (£) spent through contract with LOCAL MSMEs,£,"£0,87",,,0,0.0,Project115,Construction,CM23 ,"£7.179.561,00"
NT19,Total amount (£) spent through contract with LOCAL MSMEs,£,"£0,66",,,0,0.0,Project116,Construction,IP28 ,"£7.057.342,00"
NT19,Total amount (£) spent through contract with LOCAL MSMEs,£,"£0,75",,,0,0.0,Project117,Construction,TN17 ,"£10.886.475,00"
NT19,Total amount (£) spent through contract with LOCAL MSMEs,£,"£0,82",,,0,0.0,Project118,Construction,RH12 ,"£6.343.702,00"
NT19,Total amount (£) spent through contract with LOCAL MSMEs,£,"£0,82",,,0,0.0,Project119,Construction,ME4 ,"£2.008.265,00"
NT19,Total amount (£) spent through contract with LOCAL MSMEs,£,"£0,60",,,0,0.0,Project120,Construction,RM9 ,"£18.195.377,00"
NT19,Total amount (£) spent through contract with LOCAL MSMEs,£,"£0,75",,,"130768,6",98249.08,Project121,Construction,CM18 ,"£16.618.765,00"
NT19,Total amount (£) spent through contract with LOCAL MSMEs,£,"£0,72",,,0,0.0,Project122,Construction,CM1 ,"£6.663.257,00"
NT19,Total amount (£) spent through contract with LOCAL MSMEs,£,"£0,60",,,0,0.0,Project123,Construction,IG11 ,"£22.649.080,00"
NT19,Total amount (£) spent through contract with LOCAL MSMEs,£,"£0,82",,,0,0.0,Project118,Construction,RH12 ,"£2.220.901,00"
NT19,Total amount (£) spent through contract with LOCAL MSMEs,£,"£0,78",,,2868998,2235947.43,Project114,Construction,CM23 ,"£16.580.175,00"
NT19,Total amount (£) spent through contract with LOCAL MSMEs,£,"£0,87",,,0,0.0,Project115,Construction,CM23 ,"£21.431.401,00"
NT19,Total amount (£) spent through contract with LOCAL MSMEs,£,"£0,60",,,0,0.0,Project126,Construction,CM1 ,"£20.745.456,00"
NT19,Total amount (£) spent through contract with LOCAL MSMEs,£,"£0,48",,,0,0.0,Project127,Construction,CM1 ,"£15.448.385,00"
NT19,Total amount (£) spent through contract with LOCAL MSMEs,£,"£0,69",,,0,0.0,Project128,Construction,N1 ,"£10.756.010,00"
NT19,Total amount (£) spent through contract with LOCAL MSMEs,£,"£0,57",,,0,0.0,Project129,Construction,N14 ,"£19.163.288,00"
NT19,Total amount (£) spent through contract with LOCAL MSMEs,£,"£0,63",,,0,0.0,Project130,Construction,M46 ,"£20.083.275,00"
NT19,Total amount (£) spent through contract with LOCAL MSMEs,£,"£0,84",,,0,0.0,Project131,Construction,OL1 ,"£19.842.309,00"
NT19,Total amount (£) spent through contract with LOCAL MSMEs,£,"£0,63",,,0,0.0,Project132,Construction,WA9 ,"£60.098.868,00"
NT19,Total amount (£) spent through contract with LOCAL MSMEs,£,"£0,66",,,0,0.0,Project133,Construction,SK5 ,"£69.486.605,00"
NT19,Total amount (£) spent through contract with LOCAL MSMEs,£,"£0,63",,,0,0.0,Project134,Construction,L34 ,"£15.055.879,00"
NT19,Total amount (£) spent through contract with LOCAL MSMEs,£,"£0,63",,,24,15.22,Project135,Construction,M28 ,"£58.639.818,00"
NT19,Total amount (£) spent through contract with LOCAL MSMEs,£,"£0,63",,,0,0.0,Project136,Construction,WA12 ,"£11.030.915,00"
NT19,Total amount (£) spent through contract with LOCAL MSMEs,£,"£0,63",,,0,0.0,Project137,Construction,L33 ,"£22.542.783,00"
NT19,Total amount (£) spent through contract with LOCAL MSMEs,£,"£0,57",,,"2474165,65",1410255.75,Project138,Construction,EN3 ,"£24.877.098,00"
NT19,Total amount (£) spent through contract with LOCAL MSMEs,£,"£0,53",,,12915,6810.04,Project140,Construction,ME1 ,"£14.914.456,00"
NT19,Total amount (£) spent through contract with LOCAL MSMEs,£,"£0,73",,,0,0.0,Project148,Construction,EN5 ,"£7.306.869,00"
NT19,Total amount (£) spent through contract with LOCAL MSMEs,£,"£0,78",,,0,0.0,Project105,Construction,ME19 ,"£9.894.395,00"
NT19,Total amount (£) spent through contract with LOCAL MSMEs,£,"£0,53",,,0,0.0,Project119,Construction,ME4 ,"£25.442.737,00"
NT19,Total amount (£) spent through contract with LOCAL MSMEs,£,"£0,78",,,0,0.0,Project103,Construction,SL5 ,"£3.231.837,00"
NT19,Total amount (£) spent through contract with LOCAL MSMEs,£,"£0,78",,,0,0.0,Project117,Construction,TN17 ,"£5.201.492,00"
NT19,Total amount (£) spent through contract with LOCAL MSMEs,£,"£0,53",,,0,0.0,Project104,Construction,ME1 ,"£5.028.596,00"
NT19,Total amount (£) spent through contract with LOCAL MSMEs,£,"£0,62",,,0,0.0,Project121,Construction,CM18 ,"£24.695.410,00"
NT19,Total amount (£) spent through contract with LOCAL MSMEs,£,"£0,69",,,0,0.0,Project153,Construction,IG7 ,"£21.744.555,00"
NT19,Total amount (£) spent through contract with LOCAL MSMEs,£,"£0,72",,,0,0.0,Project126,Construction,CM1 ,"£17.606.000,00"
NT19,Total amount (£) spent through contract with LOCAL MSMEs,£,"£0,63",,,0,0.0,Project155,Construction,WA7 ,"£20.933.699,00"
NT19,Total amount (£) spent through contract with LOCAL MSMEs,£,"£0,89",,,0,0.0,Project118,Construction,RH12 ,"£3.770.214,00"
NT19,Total amount (£) spent through contract with LOCAL MSMEs,£,"£0,89",,,0,0.0,Project106,Construction,SL5 ,"£4.576.122,00"
NT19,Total amount (£) spent through contract with LOCAL MSMEs,£,"£0,66",,,0,0.0,Project107,Construction,GU15 ,"£6.784.567,00"
NT19,Total amount (£) spent through contract with LOCAL MSMEs,£,"£0,78",,,0,0.0,Project108,Construction,RG8 ,"£6.976.444,00"
NT19,Total amount (£) spent through contract with LOCAL MSMEs,£,"£0,87",,,0,0.0,Project138,Construction,EN3 ,"£7.464.619,00"
NT19,Total amount (£) spent through contract with LOCAL MSMEs,£,"£0,66",,,0,0.0,Project120,Construction,RM9 ,"£15.071.850,00"
NT19,Total amount (£) spent with LOCAL MSMEs,£,"£0,60",,,0,0.0,Project159,Construction,IG11 ,"£41.500.000,00"
NT19,Total amount (£) spent through contract with LOCAL MSMEs,£,"£0,54",,,0,0.0,Project161,Construction,LE67 ,"£2.747.190,00"
NT19,Total amount (£) spent through contract with LOCAL MSMEs,£,"£0,56",,,0,0.0,Project162,Construction,DE7 ,"£8.085.707,00"
NT19,Total amount (£) spent through contract with LOCAL MSMEs,£,"£0,65",,,0,0.0,Project163,Construction,LE19 ,"£6.212.000,00"
NT19,Total amount (£) spent through contract with LOCAL MSMEs,£,"£1,17",,,0,0.0,Project089,Construction,TW3 ,"£37.882.425,00"
NT19,Total amount (£) spent through contract with LOCAL MSMEs,£,"£0,78",,,0,0.0,Project114,Construction,CM23 ,"£36.837.515,00"
NT19,Total amount (£) spent through contract with LOCAL MSMEs,£,"£0,78",,,0,0.0,Project114,Construction,CM23 ,"£45.467.653,00"
NT19,Total amount (£) spent through contract with LOCAL MSMEs,£,"£0,81",,,0,0.0,Project169,Construction,PE2 ,"£4.387.170,00"
NT19,Total amount (£) spent through contract with LOCAL MSMEs,£,"£0,56",,,0,0.0,Project170,Construction,DE5 ,"£9.557.380,00"
NT19,Total amount (£) spent through contract with LOCAL MSMEs,£,"£0,54",,,0,0.0,Project171,Construction,NG21 ,"£3.441.655,00"
NT19,Total amount (£) spent through contract with LOCAL MSMEs,£,"£0,63",,,0,0.0,Project172,Construction,LE5 ,"£5.290.201,00"
NT19,Total amount (£) spent through contract with LOCAL MSMEs,£,"£0,65",,,0,0.0,Project173,Construction,LE6 ,"£5.767.171,00"
NT19,Total amount (£) spent through contract with LOCAL MSMEs,£,"£0,65",,,0,0.0,Project174,Construction,LE67 ,"£2.148.138,00"
NT19,Total amount (£) spent through contract with LOCAL MSMEs,£,"£0,63",,,0,0.0,Project175,Construction,LE4 ,"£10.965.517,00"
NT19,Total amount (£) spent through contract with LOCAL MSMEs,£,"£0,63",,,0,0.0,Project176,Construction,LE2 ,"£16.564.000,00"
NT19,Total amount (£) spent through contract with LOCAL MSMEs,£,"£0,65",,,0,0.0,Project178,Construction,LE10 ,"£4.353.072,00"
NT19,Total amount (£) spent through contract with LOCAL MSMEs,£,"£0,83",,,0,0.0,Project179,Construction,M30 ,"£10.125.000,00"
NT19,Total amount (£) spent through contract with LOCAL MSMEs,£,"£0,46",,,0,0.0,Project180,Construction,TF11 ,"£13.992.991,00"
NT19,Total amount (£) spent through contract with LOCAL MSMEs,£,"£0,53",,,0,0.0,Project186,Construction,M27 ,"£459.433,00"
NT19,Total amount (£) spent through contract with LOCAL MSMEs,£,"£0,94",,,0,0.0,Project189,Construction,OX26 ,"£7.288.430,00"
NT19,Total amount (£) spent through contract with LOCAL MSMEs,£,"£0,89",,,0,0.0,Project190,Construction,RH12 ,"£1.235.160,00"
NT19,Total amount (£) spent through contract with LOCAL MSMEs,£,"£0,82",,,0,0.0,Project191,Construction,CB2 ,"£1.214.578,00"
NT19,Total amount (£) spent through contract with LOCAL MSMEs,£,"£0,66",,,0,0.0,Project192,Construction,IP32 ,"£1.861.795,00"
NT19,Total amount (£) spent through contract with LOCAL MSMEs,£,"£0,78",,,"29582,54",23055.09,Project114,Construction,CM23 ,"£61.955.628,00"
NT19,Total amount (£) spent through contract with LOCAL MSMEs,£,"£0,96",,,0,0.0,Project193,Construction,B37 ,"£4.591.000,00"
NT19,Total amount (£) spent through contract with LOCAL MSMEs,£,"£0,67",,,0,0.0,Project194,Construction,CV2 ,"£2.865.000,00"
NT19,Total amount (£) spent through contract with LOCAL MSMEs,£,"£0,67",,,0,0.0,Project194,Construction,CV2 ,"£5.222.359,00"
NT19,Total amount (£) spent through contract with LOCAL MSMEs,£,"£0,74",,,0,0.0,Project195,Construction,NN3 ,"£8.865.978,00"
NT19,Total amount (£) spent through contract with LOCAL MSMEs,£,"£0,87",,,0,0.0,Project196,Construction,CV10 ,"£6.783.000,00"
NT19,Total amount (£) spent through contract with LOCAL MSMEs,£,"£0,67",,,0,0.0,Project197,Construction,CV6 ,"£7.597.592,00"
NT19,Total amount (£) spent through contract with LOCAL MSMEs,£,"£0,52",,,0,0.0,Project198,Construction,OL11 ,"£11.849.126,00"
NT19,Total amount (£) spent through contract with LOCAL MSMEs,£,"£0,66",,,0,0.0,Project199,Construction,B33 ,"£6.338.446,00"
NT19,Total amount (£) spent through contract with LOCAL MSMEs,£,"£0,57",,,0,0.0,Project180,Construction,TF11 ,"£8.762.211,00"
NT19,Total amount (£) spent through contract with LOCAL MSMEs,£,"£0,66",,,0,0.0,Project200,Construction,B33 ,"£5.949.000,00"
NT19,Total amount (£) spent through contract with LOCAL MSMEs,£,"£0,66",,,0,0.0,Project199,Construction,B33 ,"£2.572.902,00"
NT19,Total amount (£) spent through contract with LOCAL MSMEs,£,"£0,53",,,0,0.0,Project201,Construction,B66 ,"£6.304.717,00"
NT19,Total amount (£) spent through contract with LOCAL MSMEs,£,"£0,64",,,0,0.0,Project179,Construction,M30 ,"£9.918.055,00"
NT19,Total amount (£) spent through contract with LOCAL MSMEs,£,"£0,52",,,0,0.0,Project202,Construction,WV2 ,"£9.621.844,00"
NT19,Total amount (£) spent through contract with LOCAL MSMEs,£,"£0,72",,,0,0.0,Project126,Construction,CM1 ,"£15.301.000,00"
NT19,Total amount (£) spent through contract with LOCAL MSMEs,£,"£0,72",,,0,0.0,Project126,Construction,CM1 ,"£13.267.000,00"
NT19,Total amount (£) spent through contract with LOCAL MSMEs,£,"£0,72",,,0,0.0,Project127,Construction,CM1 ,"£10.982.000,00"
NT19,Total amount (£) spent through contract with LOCAL MSMEs,£,"£0,72",,,0,0.0,Project129,Construction,N14 ,"£9.333.000,00"
NT19,Total amount (£) spent through contract with LOCAL MSMEs,£,"£0,48",,,0,0.0,Project153,Construction,IG7 ,"£15.982.000,00"
NT19,Total amount (£) spent through contract with LOCAL MSMEs,£,"£0,55",,,0,0.0,Project204,Construction,CM7 ,"£10.840.000,00"
NT19,Total amount (£) spent through contract with LOCAL MSMEs,£,"£0,89",,,0,0.0,Project205,Construction,WA3 ,"£8.097.454,00"
NT19,Total amount (£) spent through contract with LOCAL MSMEs,£,"£0,50",,,0,0.0,Project206,Construction,WN2 ,"£14.363.353,00"
NT19,Total amount (£) spent through contract with LOCAL MSMEs,£,"£0,55",,,0,0.0,Project208,Construction,SS6 ,"£1.976.394,00"
NT19,Total amount (£) spent through contract with LOCAL MSMEs,£,"£0,48",,,0,0.0,Project211,Construction,IG7 ,"£298.093,00"
NT19,Local Supply Chain Spend (SMEs),£,"£0,62",3431000,2135291.85,3602708,2242154.78,Project212,Construction,DA11 ,"£13.880.000,00"
NT19,Total amount (£) spent through contract with LOCAL MSMEs,£,"£0,70",,,0,0.0,Project213,Construction,LS25 ,"£11.893.233,00"
NT19,Total amount (£) spent through contract with LOCAL MSMEs,£,"£0,89",,,0,0.0,Project216,Construction,RH16 ,"£18.199.824,00"
NT19,Total amount (£) spent through contract with LOCAL MSMEs,£,"£0,64",,,0,0.0,Project213,Construction,LS25 ,"£11.893.233,00"
NT19,Total amount (£) spent through contract with LOCAL MSMEs (BS1-BS16),£,"£0,88",0,0.0,0,0.0,Project228,Construction,BS13 ,"£177.413,00"
NT19,Total amount (£) spent through contract with LOCAL MSMEs,£,"£0,64",,,"890078,46",571501.64,Project213,Construction,LS25 ,"£11.893.233,00"
NT19,Local Supply Chain Spend (SMEs),£,"£0,59",420438,248899.3,434926,257476.19,Project254,Construction,SG12 ,"£6.701.136,00"
NT19,Local SME Spend,£,"£0,96",5000,2665.0,0,0.0,Project255,Construction,b90 ,"£575.000,00"
NT19,Total amount (£) spent through contract with LOCAL MSMEs (BS1-BS16),£,"£0,88",,,0,0.0,Project256,Construction,BS3 ,"£117.400,00"
NT19,Local Supply Chain Spend (SMEs),£,"£0,66",,,0,0.0,Project257,Construction,B46 ,"£214.000.000,00"
NT19,Total amount (£) spent through contract with LOCAL MSMEs (BS1-BS16),£,"£0,88",0,0.0,0,0.0,Project258,Construction,BS1 ,"£63.470,00"
NT19,Total amount (£) spent through contract with LOCAL MSMEs (BS1-BS16),£,"£0,88",6400,5645.0,5645,4978.89,Project259,Construction,BS1 ,"£82.301,00"
NT19,Total amount (£) spent through contract with LOCAL SMEs,£,"£0,82",2000000,1201897.14,"5096914,5",4189663.72,Project260,Construction,BN2 ,"£66.500.000,00"
NT19,Total amount (£) spent through contract with LOCAL MSMEs (BS1-BS16),£,"£0,88",24600,21697.0,0,0.0,Project263,Construction,BS3 ,"£214.697,00"
NT19,Local Supply Chain Spend (SMEs),£,"£0,84",,,0,0.0,Project264,Construction,PR1 ,"£11.543.157,00"
NT19,Total amount (£) spent through contract with LOCAL MSMEs (BS1-BS16),£,"£0,88",,,0,0.0,Project265,Construction,BS1 ,"£23.550,00"
NT19,Total amount (£) spent through contract with LOCAL SMEs,£,"£0,83",,,0,0.0,Project266,Construction,M3 ,"£7.600.000,00"
NT19,Total amount (£) spent through contract with LOCAL SMEs,£,"£0,83",,,0,0.0,Project267,Construction,M3 ,"£5.073.265,00"
NT19,Total amount (£) spent through contract with LOCAL SMEs,£,"£0,83",,,0,0.0,Project268,Construction,M3 ,"£9.800.000,00"
NT19,Total amount (£) spent through contract with LOCAL SMEs,£,"£0,83",,,0,0.0,Project269,Construction,M3 ,"£12.700.000,00"
NT19,Total amount (£) spent through contract with LOCAL SMEs,£,"£0,83",,,0,0.0,Project270,Construction,M3 ,"£18.402.569,00"
NT19,Total amount (£) spent through contract with LOCAL SMEs,£,"£0,83",,,0,0.0,Project271,Construction,M3 ,"£37.000.000,00"
NT19,Total amount (£) spent through contract with LOCAL SMEs,£,"£0,83",,,0,0.0,Project272,Construction,M3 ,"£7.200.000,00"
NT19,Total amount (£) spent through contract with LOCAL SMEs,£,"£0,83",,,0,0.0,Project273,Construction,M3 ,"£4.500.000,00"
NT19,Total amount (£) spent through contract with LOCAL SMEs,£,"£0,83",,,0,0.0,Project274,Construction,M3 ,"£13.500.000,00"
NT19,Total amount (£) spent through contract with LOCAL SMEs,£,"£0,83",,,0,0.0,Project275,Construction,m3 ,"£5.600.000,00"
NT19,Total amount (£) spent through contract with LOCAL MSMEs (BS1-BS16),£,"£0,88",5320,4692.0,5320,4692.24,Project276,Construction,BS1 ,"£22.270,00"
NT19,Total amount (£) spent through contract with LOCAL MSMEs,£,"£0,66",1000,655.0,0,0.0,Project277,Construction,SK3 ,"£204.190,00"
NT19,Total amount (£) spent through contract with LOCAL MSMEs,£,"£0,66",125000,81875.0,85000,55675.0,Project279,Construction,SK3 ,"£221.006,00"
NT19,Total amount (£) spent through contract with LOCAL MSMEs,£,"£0,66",,,0,0.0,Project280,Construction,SK3 ,"£47.649,00"
NT19,Total amount (£) spent through contract with LOCAL MSMEs (BS1-BS16),£,"£0,88",0,0.0,0,0.0,Project289,Construction,BS2 ,"£20.985,00"
NT19,Total amount (£) spent through contract with LOCAL MSMEs (BS1-BS16),£,"£0,88",14900,13141.8,0,0.0,Project291,Construction,BS1 ,"£143.671,00"
NT19,Local Supply Chain Spend (SMEs),£,"£0,81",0,0.0,526000,427580.24,Project293,Construction,LS17 ,"£14.500.000,00"
NT19,Local Supply Chain Spend (SMEs),£,"£0,96",2429687,2332828.51,"2319785,88",2227308.56,Project294,Construction,B91 ,"£5.157.123,00"
NT19,Total amount (£) spent through contract with LOCAL MSMEs,£,"£2,57",,,0,0.0,Project300,Construction,E2 ,"£1.000.000,00"
NT19,Total amount (£) spent through contract with LOCAL MSMEs,£,"£0,66",,,0,0.0,Project302,Construction,L2 ,"£1.500.000,00"
NT19,Total amount (£) spent through contract with LOCAL MSMEs,£,"£0,66",,,0,0.0,Project303,Construction,L2 ,"£1.500.000,00"
NT19,Total amount (£) spent through contract with LOCAL MSMEs,£,"£0,66",,,0,0.0,Project304,Construction,L2 ,"£1.500.000,00"
NT19,Total amount (£) spent through contract with LOCAL MSMEs,£,"£0,66",,,0,0.0,Project305,Construction,L2 ,"£1.500.000,00"
NT19,Total amount (£) spent through contract with LOCAL MSMEs,£,"£0,66",,,0,0.0,Project306,Construction,L2 ,"£15.000.000,00"
NT19,Total amount (£) spent through contract with LOCAL MSMEs,£,"£0,66",,,0,0.0,Project307,Construction,L2 ,"£1.200.000,00"
NT19,Total amount spent in contract with MSMEs,£,"£0,55",,,0,0.0,Project312,Construction,CR9 ,"£10.000.000,00"
NT19,Total amount (£) spent through contract with LOCAL MSMEs (BS1-BS16),£,"£0,88",0,0.0,0,0.0,Project325,Construction,BS16 ,"£75.386,00"
NT19,Total amount (£) spent through contract with LOCAL MSMEs,£,"£0,55",,,2400,1325.14,Project328,Construction,CO4 ,"£158.633,00"
NT19,Total amount spent in contract with MSMEs,£,"£0,87",0,0.0,0,0.0,Project331,Construction,SG1 ,"£4.465.000,00"
NT19,Local Supply Chain Spend (SMEs),£,"£0,94",,,11690434,10987131.0,Project332,Construction,M13 ,"£380.000.000,00"
NT19,Total amount (£) spent through contract with LOCAL MSMEs,£,"£0,76",,,0,0.0,Project334,Construction,PO1 ,"£1.500.000,00"
NT19,Total amount (£) spent through contract with LOCAL MSMEs,£,"£1,88",,,0,0.0,Project336,Construction,SW6 ,"£96.000.000,00"
NT19,Total amount (£) spent through contract with LOCAL MSMEs,£,"£0,46",,,0,0.0,Project337,Construction,DY5 ,"£7.495.000,00"
NT19,Local Supply Chain Spend (SMEs),£,"£1,02",,,3530700,3606532.73,Project343,Construction,GU1 ,"£7.633.716,00"
NT19,Local Supply Chain Spend (SMEs),£,"£0,54",7050692,3816616.49,449065,243083.78,Project346,Construction,PE34 ,"£23.057.304,00"
NT19,Total amount (£) spent through contract with LOCAL MSMEs,£,"£0,82",,,0,0.0,Project348,Construction,CB6 ,"£11.665.569,00"
NT19,Total amount (£) spent through contract with LOCAL MSMEs,£,"£0,87",,,"4284618,45",3727972.55,Project350,Construction,CV34 ,"£7.500.000,00"
NT19,Local Supply Chain Spend (SMEs),£,"£0,63",126313,79986.4,126313,79986.4,Project351,Construction,NE10 ,"£625.467,00"
NT19,Total amount (£) spent through contract with LOCAL MSMEs,£,"£0,54",,,"168128,33",90498.33,Project353,Construction,SK1 ,"£1.200.000,00"
NT19,Total amount (£) spent through contract with LOCAL MSMEs,£,"£0,96",,,939430,901980.0,Project354,Construction,B91 ,"£4.200.000,00"
NT19,Local Supply Chain Spend (SMEs),£,"£0,55",,,0,0.0,Project358,Construction,WS13 ,"£19.800.000,00"
NT19,Total amount (£) spent through contract with LOCAL MSMEs,£,"£0,64",,,"117089,25",74594.89,Project372,Construction,TF4 ,"£1.100.000,00"
NT19,Total amount (£) spent through contract with LOCAL MSMEs,£,"£0,87",,,"103111,05",89715.14,Project376,Construction,CV9 ,"£650.000,00"
NT19,Total amount (£) spent through contract with LOCAL SMEs,£,"£0,58",200000,115993.98,0,0.0,Project386,Construction,nn8 ,"£10.400.000,00"
NT19,Total amount (£) spent through contract with LOCAL MSMEs,£,"£0,53",,,"1825350,22",967742.32,Project390,Construction,B69 ,"£4.000.000,00"
NT19,Total amount (£) spent through contract with LOCAL MSMEs (BS1-BS16),£,"£0,88",,,0,0.0,Project393,Construction,BS1 ,"£152.336,00"
NT19,Total amount (£) spent through contract with LOCAL MSMEs,£,"£0,96",0,0.0,0,0.0,Project394,Construction,B91 ,"£184.708,00"
NT19,Local Supply Chain Spend (SMEs),£,"£0,63",,,4250,2691.27,Project395,Construction,NE10 ,"£253.876,00"
NT19,Total amount (£) spent through contract with LOCAL MSMEs,£,"£0,67",,,0,0.0,Project197,Construction,CV6 ,"£7.597.592,00"
NT19,Total amount (£) spent through contract with LOCAL MSMEs,£,"£0,93",45000,41837.4,20000,18594.4,Project401,Construction,SE1 ,"£2.000.000,00"
NT19,Total amount (£) spent through contract with LOCAL MSMEs,£,"£0,64",,,"1833411,59",1177197.04,Project086,Construction,DN14 ,"£3.707.584,00"
NT19,Total amount (£) spent through contract with LOCAL SMEs,£,"£0,63",2500000,1582500.0,0,0.0,Project405,Construction,DH6 ,"£7.920.584,00"
NT19,Total amount (£) spent through contract with LOCAL MSMEs,£,"£0,93",,,0,0.0,Project413,Construction,SE1 ,"£60.000,00"
NT19,Local Supply Chain Spend (SMEs),£,"£0,79",,,0,0.0,Project417,Construction,NG5 ,"£950.000,00"
NT19,Local Supply Chain Spend (MSMEs),£,"£1,14",,,"6717442,2",7652627.14,Project431,Construction,RG30 ,"£201.521.932,00"
NT19,Total amount (£) spent through contract with LOCAL SMEs,£,"£0,95",,,22729,21478.91,Project437,Construction,NG9 ,"£98.219,00"
NT19,Total amount (£) spent through contract with LOCAL SMEs,£,"£0,95",,,4002,3781.89,Project439,Construction,NG11 ,"£48.905,00"
NT19,Total amount (£) spent through contract with LOCAL SMEs,£,"£0,95",,,143,135.14,Project440,Construction,PE21 ,"£130.176,00"
NT19,Total amount (£) spent through contract with LOCAL SMEs,£,"£0,95",,,5380,5084.1,Project441,Construction,DN15 ,"£52.982,00"
NT19,Total amount (£) spent through contract with LOCAL SMEs,£,"£0,95",,,"78590,33",74267.86,Project442,Construction,NG5 ,"£221.159,00"
NT19,Total amount (£) spent through contract with LOCAL SMEs,£,"£0,95",,,1500,1417.5,Project443,Construction,PE24 ,"£209.105,00"
NT19,Total amount (£) spent through contract with LOCAL SMEs,£,"£0,95",,,256275,242179.88,Project444,Construction,NG3 ,"£522.775,00"
NT19,Total amount (£) spent through contract with LOCAL SMEs,£,"£0,95",,,8527,8058.02,Project445,Construction,NG19 ,"£26.317,00"
NT19,Total amount (£) spent through contract with LOCAL SMEs,£,"£0,95",,,25630,24220.35,Project446,Construction,NG11 ,"£93.211,00"
NT19,Total amount (£) spent through contract with LOCAL MSMEs,£,"£0,96",,,0,0.0,Project450,Construction,KA1 ,"£12.500.000,00"
NT19,Total amount (£) spent through contract with LOCAL MSMEs,£,"£0,87",,,0,0.0,Project115,Construction,CM23 ,"£32.202.479,00"
NT19,Total amount (£) spent through contract with LOCAL MSMEs,£,"£0,78",,,0,0.0,Project114,Construction,CM23 ,"£40.595.164,00"
NT19,Total amount (£) spent through contract with LOCAL MSMEs,£,"£0,78",,,0,0.0,Project114,Construction,CM23 ,"£55.490.440,00"
NT19,Total amount (£) spent through contract with LOCAL MSMEs,£,"£0,78",,,0,0.0,Project114,Construction,CM23 ,"£15.628.000,00"
NT19,Total amount (£) spent through contract with LOCAL MSMEs,£,"£1,14",,,"33396,35",38045.7,Project453,Construction,SL6 ,"£33.877.417,00"
NT19,Total amount spent with Scottish MSMEs (excl. Territory MSMEs),£,"£0,48",,,0,0.0,Project455,Construction,G62 ,"£11.837.851,00"
NT19,Total amount spent with Territory MSMEs,£,"£0,48",2000000,952204.63,0,0.0,Project455,Construction,G62 ,"£11.837.851,00"
NT19,Total amount (£) spent through contract with LOCAL MSMEs,£,"£0,96",,,0,0.0,Project457,Construction,PA4 ,"£3.500.000,00"
NT19,Total amount (£) spent through contract with LOCAL SMEs,£,"£0,83",,,0,0.0,Project462,Construction,M3 ,"£44.966.158,00"
NT19,Total amount (£) spent through contract with LOCAL MSMEs,£,"£0,66",,,"1537414,42",1010917.1,Project116,Construction,IP28 ,"£7.057.342,00"
NT19,Total amount (£) spent through contract with LOCAL MSMEs,£,"£0,87",,,"2334736,89",2028427.77,Project115,Construction,CM23 ,"£6.168.766,00"
NT19,Total amount (£) spent through contract with LOCAL MSMEs,£,"£1,14",,,"31824,91",36255.49,Project465,Construction,RG2 ,"£3.788.492,00"
NT19,Total amount (£) spent through contract with LOCAL MSMEs,£,"£0,54",10500,5614.22,0,0.0,Project466,Construction,BD1 ,"£20.000,00"
NT19,Total amount (£) spent through contract with LOCAL MSMEs,£,"£0,64",,,0,0.0,Project179,Construction,M30 ,"£1.157.447,00"
NT19,Total amount (£) spent through contract with LOCAL MSMEs,£,"£0,94",,,"31686,88",29810.3,Project110,Construction,OX13 ,"£8.603.892,00"
NT19,Total amount (£) spent through contract with LOCAL MSMEs,£,"£1,14",,,"117502,1",133860.44,Project111,Construction,SL5 ,"£902.255,00"
NT19,Total amount (£) spent through contract with LOCAL MSMEs,£,"£1,14",,,"39552,01",45058.34,Project108,Construction,RG8 ,"£3.451.005,00"
NT19,Total amount (£) spent through contract with LOCAL MSMEs,£,"£1,14",,,"39420,27",44908.26,Project109,Construction,RG42 ,"£4.053.280,00"
NT19,Total amount (£) spent through contract with LOCAL MSMEs,£,"£0,54",19500,10426.41,0,0.0,Project466,Construction,BD1 ,"£72.520,00"
NT19,Total amount (£) spent through contract with LOCAL SMEs,£,"£0,58",10000,5794.01,0,0.0,Project470,Construction,MK43 ,"£12.000.000,00"
NT19,Total amount (£) spent through contract with LOCAL MSMEs,£,"£0,57",,,"1675543,22",955046.99,Project138,Construction,EN3 ,"£23.592.000,00"
NT19,Total amount (£) spent through contract with LOCAL MSMEs,£,"£0,60",,,"131273,35",78283.96,Project123,Construction,IG11 ,"£42.928.000,00"
NT19,Total amount (£) spent through contract with LOCAL MSMEs,£,"£0,75",,,"1128872,5",848144.6,Project117,Construction,TN17 ,"£16.203.746,00"
NT19,Total amount (£) spent through contract with LOCAL MSMEs (BS1-BS16),£,"£0,88",50000,44100.0,0,0.0,Project477,Construction,BS4 ,"£338.029,00"
NT19,Total amount (£) spent through contract with LOCAL SMEs,£,"£6,47",,,0,0.0,Project478,Construction,NW8 ,"£32.000.000,00"
NT19,Total amount (£) spent through contract with LOCAL SMEs,£,"£8,80",,,0,0.0,Project479,Construction,NW3 ,"£20.000.000,00"
NT19,Total amount (£) spent through contract with LOCAL SMEs,£,"£0,79",,,0,0.0,Project480,Construction,BA2 ,"£30.000.000,00"
NT19,Total amount (£) spent through contract with LOCAL SMEs,£,"£0,88",,,0,0.0,Project481,Construction,BS2 ,"£32.441.200,00"
NT19,Total amount (£) spent through contract with LOCAL SMEs,£,"£0,70",,,0,0.0,Project482,Construction,CF24 ,"£54.400.000,00"
NT19,Total amount (£) spent through contract with LOCAL SMEs,£,"£0,70",12000000,8385472.48,"3491147,57",2439576.82,Project483,Construction,CF62 ,"£21.059.051,00"
NT19,Total amount (£) spent through contract with LOCAL SMEs,£,"£6,47",,,0,0.0,Project478,Construction,NW8 ,"£32.000.000,00"
NT19,Total amount (£) spent through contract with LOCAL SMEs,£,"£1,32",,,0,0.0,Project484,Construction,W1A ,"£33.333.333,00"
NT19,Total amount (£) spent through contract with LOCAL SMEs,£,"£0,51",,,0,0.0,Project485,Construction,SE3 ,"£11.704.000,00"
NT19,Total amount (£) spent through contract with LOCAL SMEs,£,"£0,50",0,0.0,0,0.0,Project486,Construction,CT1 ,"£26.000.000,00"
NT19,Total amount (£) spent through contract with LOCAL SMEs,£,"£2,57",,,0,0.0,Project487,Construction,E1 ,"£13.536.582,00"
NT19,Total amount (£) spent through contract with LOCAL SMEs,£,"£0,73",,,0,0.0,Project488,Construction,BN2 ,"£40.000.000,00"
NT19,Total amount (£) spent through contract with LOCAL MSMEs,£,"£0,54",0,0.0,0,0.0,Project490,Construction,BD1 ,"£162.504,00"
NT19,Total amount (£) spent through contract with LOCAL MSMEs,£,"£0,60",,,2283848,1361956.98,Project120,Construction,RM9 ,"£50.882.000,00"
NT19,Total amount (£) spent through contract with LOCAL MSMEs,£,"£0,75",,,2374592,1784078.69,Project121,Construction,CM18 ,"£11.153.000,00"
NT19,Total amount (£) spent through contract with LOCAL MSMEs,£,"£0,54",0,0.0,0,0.0,Project490,Construction,BD1 ,"£146.690,00"
NT19,Total amount (£) spent through contract with LOCAL MSMEs,£,"£0,54",0,0.0,0,0.0,Project490,Construction,BD1 ,"£159.792,00"
NT19,Total amount (£) spent through contract with LOCAL MSMEs,£,"£0,74",,,0,0.0,Project195,Construction,NN3 ,"£8.865.978,00"
NT19,Total amount (£) spent through contract with LOCAL MSMEs,£,"£0,67",,,0,0.0,Project194,Construction,CV2 ,"£2.865.000,00"
NT19,Total amount (£) spent through contract with LOCAL MSMEs,£,"£0,87",,,0,0.0,Project494,Construction,CV10 ,"£24.408.831,00"
NT19,Total amount (£) spent through contract with LOCAL MSMEs,£,"£0,43",900000,385200.0,0,0.0,Project496,Construction,CH41 ,"£2.681.658,00"
NT19,Total amount (£) spent through contract with LOCAL SMEs,£,"£0,70",,,0,0.0,Project482,Construction,CF24 ,"£37.400.000,00"
NT19,Total amount (£) spent through contract with LOCAL SMEs,£,"£0,70",,,0,0.0,Project483,Construction,CF62 ,"£10.529.525,00"
NT19,Total amount (£) spent through contract with LOCAL SMEs,£,"£0,88",0,0.0,0,0.0,Project481,Construction,BS2 ,"£13.647.000,00"
NT19,Total amount (£) spent through contract with LOCAL SMEs,£,"£0,51",,,0,0.0,Project485,Construction,SE3 ,"£16.343.000,00"
NT19,Total amount (£) spent through contract with LOCAL SMEs,£,"£1,32",,,0,0.0,Project484,Construction,W1A ,"£33.333.333,00"
NT19,Total amount (£) spent through contract with LOCAL MSMEs,£,"£0,84",,,0,0.0,Project131,Construction,OL1 ,"£19.842.309,00"
NT19,Total amount (£) spent through contract with LOCAL MSMEs,£,"£0,46",,,0,0.0,Project337,Construction,DY5 ,"£7.495.000,00"
NT19,Total amount (£) spent through contract with LOCAL MSMEs,£,"£0,96",,,0,0.0,Project193,Construction,B37 ,"£4.591.000,00"
NT19,Total amount (£) spent through contract with LOCAL MSMEs,£,"£0,66",,,0,0.0,Project199,Construction,B33 ,"£2.572.902,00"
NT19,Local Supply Chain Spend (SMEs),£,"£0,68",586579,399190.51,"628195,7",427512.34,Project498,Construction,MK42 ,"£2.900.000,00"
NT19,Total amount (£) spent through contract with LOCAL MSMEs,£,"£0,60",,,0,0.0,Project126,Construction,CM1 ,"£5.663.784,00"
NT19,Total amount (£) spent through contract with LOCAL MSMEs,£,"£0,66",,,0,0.0,Project199,Construction,B33 ,"£6.338.446,00"
NT19,Total amount (£) spent through contract with LOCAL MSMEs,£,"£0,58",,,0,0.0,Project500,Construction,LU5 ,"£49.812.448,00"
NT19,Total amount (£) spent through contract with LOCAL MSMEs,£,"£0,63",,,0,0.0,Project502,Construction,WR14 ,"£8.241.535,00"
NT19,Total amount (£) spent through contract with LOCAL MSMEs,£,"£0,66",,,0,0.0,Project503,Construction,B14 ,"£6.007.776,00"
NT19,Total amount (£) spent through contract with LOCAL MSMEs,£,"£0,74",,,0,0.0,Project504,Construction,NN4 ,"£10.227.405,00"
NT19,Total amount (£) spent through contract with LOCAL MSMEs,£,"£0,74",,,0,0.0,Project505,Construction,NN3 ,"£20.480.349,00"
NT19,Total amount (£) spent through contract with LOCAL MSMEs,£,"£0,57",,,0,0.0,Project129,Construction,N14 ,"£16.556.671,00"
NT19,Total amount (£) spent through contract with LOCAL MSMEs,£,"£0,69",,,3797968,2607448.94,Project153,Construction,IG7 ,"£13.268.741,00"
NT19,Total amount (£) spent through contract with LOCAL MSMEs,£,"£0,54",,,0,0.0,Project161,Construction,LE67 ,"£2.747.190,00"
NT19,Total amount (£) spent through contract with LOCAL MSMEs,£,"£0,81",,,0,0.0,Project169,Construction,PE2 ,"£4.387.170,00"
NT19,Total amount (£) spent through contract with LOCAL MSMEs,£,"£0,56",,,0,0.0,Project162,Construction,DE7 ,"£8.085.707,00"
NT19,Total amount (£) spent through contract with LOCAL MSMEs,£,"£0,56",,,0,0.0,Project170,Construction,DE5 ,"£9.557.380,00"
NT19,Total amount (£) spent through contract with LOCAL MSMEs,£,"£0,54",,,0,0.0,Project171,Construction,NG21 ,"£3.441.655,00"
NT19,Total amount (£) spent through contract with LOCAL MSMEs,£,"£0,63",,,0,0.0,Project172,Construction,LE5 ,"£5.290.670,00"
NT19,Total amount (£) spent through contract with LOCAL MSMEs,£,"£0,65",,,0,0.0,Project173,Construction,LE6 ,"£5.767.171,00"
NT19,Total amount (£) spent through contract with LOCAL SMEs,£,"£0,88",,,0,0.0,Project506,Construction,BS2 ,"£308.690.000,00"
NT19,Total amount (£) spent through contract with LOCAL MSMEs,£,"£0,65",,,0,0.0,Project507,Construction,LE10 ,"£6.266.108,00"
NT19,Total amount (£) spent through contract with LOCAL MSMEs,£,"£0,65",,,0,0.0,Project174,Construction,LE67 ,"£2.148.138,00"
NT19,Total amount (£) spent through contract with LOCAL MSMEs,£,"£0,63",,,0,0.0,Project175,Construction,LE4 ,"£10.965.517,00"
NT19,Total amount (£) spent through contract with LOCAL MSMEs,£,"£0,65",,,0,0.0,Project178,Construction,LE10 ,"£4.353.072,00"
NT19,Total amount (£) spent through contract with LOCAL MSMEs,£,"£0,82",,,0,0.0,Project348,Construction,CB6 ,"£11.665.569,00"
NT19,Total amount (£) spent through contract with LOCAL MSMEs,£,"£0,65",,,0,0.0,Project163,Construction,LE19 ,"£6.212.000,00"
NT19,Total amount (£) spent through contract with LOCAL MSMEs,£,"£0,57",,,"4000153,77",2269710.11,Project180,Construction,TF11 ,"£6.812.284,00"
NT19,Total amount (£) spent through contract with LOCAL MSMEs,£,"£0,50",,,"5199436,79",2576114.14,Project206,Construction,WN2 ,"£11.066.238,00"
NT19,Total amount (£) spent through contract with LOCAL MSMEs,£,"£0,52",,,"6105888,04",3177266.95,Project202,Construction,WV2 ,"£8.330.641,00"
NT19,Total amount (£) spent through contract with LOCAL MSMEs,£,"£0,64",,,0,0.0,Project509,Construction,OL16 ,"£6.968.344,00"
NT19,Total amount (£) spent through contract with LOCAL MSMEs,£,"£0,89",,,0,0.0,Project190,Construction,RH12 ,"£1.361.088,00"
NT19,Total amount (£) spent through contract with LOCAL MSMEs,£,"£0,64",,,"3688785,6",2350041.0,Project509,Construction,OL16 ,"£9.764.139,00"
NT19,Total amount (£) spent through contract with LOCAL MSMEs,£,"£0,48",,,0,0.0,Project211,Construction,IG7 ,"£46.930,00"
NT19,Total amount (£) spent through contract with LOCAL MSMEs,£,"£0,52",,,"24669657,23",12837131.33,Project198,Construction,OL11 ,"£33.532.121,00"
NT19,Total amount (£) spent through contract with LOCAL MSMEs,£,"£0,82",,,0,0.0,Project191,Construction,CB2 ,"£551.432,00"
NT19,Total amount (£) spent through contract with LOCAL MSMEs,£,"£0,94",,,0,0.0,Project189,Construction,OX26 ,"£2.015.799,00"
NT19,Total amount (£) spent through contract with LOCAL MSMEs,£,"£0,48",,,0,0.0,Project127,Construction,CM1 ,"£19.869.099,00"
NT19,Total amount (£) spent through contract with LOCAL MSMEs,£,"£0,87",,,"3885789,78",3380958.61,Project511,Construction,CV10 ,"£24.684.874,00"
NT19,Total amount (£) spent through contract with LOCAL MSMEs,£,"£0,66",,,0,0.0,Project192,Construction,IP32 ,"£1.693.527,00"
NT19,Total amount (£) spent through contract with LOCAL MSMEs,£,"£0,87",,,0,0.0,Project512,Construction,KT22 ,"£38.300.000,00"
NT19,Total amount (£) spent through contract with LOCAL MSMEs,£,"£0,55",,,0,0.0,Project208,Construction,SS6 ,"£5.252.833,00"
NT19,Total amount (£) spent through contract with LOCAL MSMEs,£,"£0,69",,,0,0.0,Project128,Construction,N1 ,"£1.011.273,00"
NT19,Total amount (£) spent through contract with LOCAL MSMEs,£,"£0,72",,,0,0.0,Project122,Construction,CM1 ,"£14.649.839,00"
NT19,Total amount (£) spent through contract with LOCAL MSMEs,£,"£0,96",,,0,0.0,Project514,Construction,B37 ,"£920.284,00"
NT19,Total amount (£) spent through contract with LOCAL MSMEs,£,"£0,63",,,2289,1451.24,Project132,Construction,WA9 ,"£60.098.868,00"
NT19,Total amount (£) spent through contract with LOCAL MSMEs,£,"£0,87",,,0,0.0,Project512,Construction,KT22 ,"£19.100.000,00"
NT19,Total amount (£) spent through contract with LOCAL SMEs,£ spent,"£0,67",,,0,0.0,Project521,Construction,CV1 ,"£1.956.479,00"
NT19,Total amount (£) spent through contract with LOCAL MSMEs,£,"£0,55",,,0,0.0,Project328,Construction,CO4 ,"£60.398,00"
NT19,Local Supply Chain Spend (SMEs),£,"£0,49",,,0,0.0,Project522,Construction,DN3 ,"£5.250.000,00"
NT19,Total amount (£) spent through contract with LOCAL MSMEs,£,"£0,96",0,0.0,0,0.0,Project524,Construction,B91 ,"£93.634,00"
NT19,Total amount (£) spent through contract with LOCAL MSMEs,£,"£0,83",,,0,0.0,Project526,Construction,M7 ,"£36.500.000,00"
NT19,Total amount (£) spent through contract with LOCAL MSMEs,£,"£0,63",,,0,0.0,Project155,Construction,WA7 ,"£20.933.699,00"
NT19,Total amount (£) spent through contract with LOCAL MSMEs,£,"£0,57",,,0,0.0,Project527,Construction,E17 ,"£13.411.114,00"
NT19,Local Supply Chain Spend (SMEs),£,"£1,14",,,"6221532,4",7087678.06,Project528,Construction,RG40 ,"£124.000.000,00"
NT19,Total amount (£) spent through contract with LOCAL MSMEs,£,"£0,96",,,0,0.0,Project531,Construction,B92 ,"£3.401.700,00"
NT19,Total amount (£) spent through contract with LOCAL SMEs,£ spent,"£0,67",,,0,0.0,Project532,Construction,CV1 ,"£25.000.000,00"
NT19,Local Supply Chain Spend (SMEs),£,"£0,57",0,0.0,832262,474525.01,Project535,Construction,PL1 ,"£1.661.087,00"
NT19,Total amount (£) spent through contract with LOCAL SMEs,£ spent,"£0,67",,,0,0.0,Project537,Construction,CV1 ,"£48.000.000,00"
NT19,Total amount spent with Scottish MSMEs (excl. Territory MSMEs),£,"£0,58",,,0,0.0,Project538,Construction,IV41 ,"£25.000.000,00"
NT19,Total amount spent with Territory MSMEs,£,"£0,58",,,0,0.0,Project538,Construction,IV41 ,"£25.000.000,00"
NT19,Total amount (£) spent through contract with LOCAL MSMEs,£,"£0,96",,,0,0.0,Project542,Construction,B90 ,"£240.000,00"
NT19,Total amount (£) spent through contract with LOCAL MSMEs,£,"£0,63",,,0,0.0,Project135,Construction,M28 ,"£58.639.818,00"
NT19,Total amount (£) spent through contract with LOCAL SMEs,£,"£0,79",,,0,0.0,Project480,Construction,BA2 ,"£10.000.000,00"
NT19,Total amount (£) spent through contract with LOCAL SMEs,£,"£0,50",,,0,0.0,Project486,Construction,CT1 ,"£22.000.000,00"
NT19,Total amount (£) spent through contract with LOCAL SMEs,£,"£8,80",,,0,0.0,Project479,Construction,NW3 ,"£20.000.000,00"
NT19,Local Supply Chain Spend (SMEs),£,"£0,57",0,0.0,4575121,2608564.76,Project545,Construction,PL6 ,"£37.321.929,00"
NT19,Total amount (£) spent through contract with LOCAL SMEs,£,"£1,32",,,0,0.0,Project484,Construction,W1A ,"£33.333.333,00"
NT19,Total amount (£) spent through contract with LOCAL SMEs,£,"£2,57",,,0,0.0,Project487,Construction,E1 ,"£37.044.810,00"
NT19,Total amount (£) spent through contract with LOCAL MSMEs,£,"£0,66",,,0,0.0,Project547,Construction,CH5 ,"£49.788.501,00"
NT19,Total amount (£) spent through contract with LOCAL MSMEs,£,"£0,96",,,0,0.0,Project550,Construction,EH48 ,"£3.200.000,00"
NT19,Total amount (£) spent through contract with LOCAL SMEs,£ spent,"£0,67",,,0,0.0,Project555,Construction,CV1 ,"£10.000.000,00"
NT19,Total amount (£) spent through contract with LOCAL SMEs,£ spent,"£0,67",,,4828002,3243928.01,Project556,Construction,CV4 ,"£23.000.000,00"
NT19,Total amount (£) spent through contract with LOCAL SMEs,£ spent,"£0,67",,,16106620,10822016.18,Project558,Construction,CV4 ,"£35.000.000,00"
NT19,Total amount (£) spent through contract with LOCAL MSMEs,£,"£0,79",,,0,0.0,Project559,Construction,CH65 ,"£8.117.630,00"
NT19,Total amount (£) spent through contract with LOCAL SMEs,£,"£0,73",,,0,0.0,Project488,Construction,BN2 ,"£32.000.000,00"
NT19,Total amount (£) spent through contract with LOCAL MSMEs,£,"£0,93",,,0,0.0,Project512,Construction,KT22 ,"£500.000,00"
NT19,Total amount (£) spent through contract with LOCAL MSMEs,£,"£2,25",0,0.0,0,0.0,Project567,Construction,SW3 ,"£71.000.000,00"
NT19,Total amount (£) spent through contract with LOCAL MSMEs,£,"£0,60",,,"1887708,94",1128727.12,Project569,Construction,WF1 ,"£1.817.000,00"
NT19,Total amount (£) spent through contract with LOCAL SMEs,£,"£0,70",,,0,0.0,Project482,Construction,CF24 ,"£8.200.000,00"
NT19,Total amount (£) spent through contract with LOCAL MSMEs,£,"£0,71",,,0,0.0,Project572,Construction,NE8 ,"£13.433.744,00"
NT19,Total amount (£) spent through contract with LOCAL MSMEs,£,"£0,66",549502,363770.32,0,0.0,Project573,Construction,B19 ,"£36.076.767,00"
NT19,Total amount (£) spent through contract with LOCAL MSMEs,£,"£0,75",,,0,0.0,Project581,Construction,EN2 ,"£2.000.000,00"
NT19,SME Spend,£,"£0,95",4000000,3780000.0,0,0.0,Project582,Construction,DD1 ,"£10.800.000,00"
NT19,Micro Business Spend,£,"£0,95",100000,94500.0,0,0.0,Project582,Construction,DD1 ,"£10.800.000,00"
NT19,Total amount (£) spent through contract with LOCAL MSMEs,£,"£0,75",15000,99083.38,0,0.0,Project583,Construction,EC4M ,"£1.450.000,00"
NT19,Total amount (£) spent through contract with LOCAL MSMEs,£,"£1,26",,,0,0.0,Project584,Construction,TW14 ,"£17.000.000,00"
NT19,Total amount (£) spent through contract with LOCAL MSMEs,£,"£0,54",0,0.0,0,0.0,Project589,Construction,BD22 ,"£1.929.115,00"
NT19,Local Supply Chain Spend (SMEs),£,"£1,14",,,0,0.0,Project592,Construction,RG30 ,"£14.322.745,00"
NT19,Total amount (£) spent through contract with LOCAL MSMEs,£,"£0,54",0,0.0,0,0.0,Project593,Construction,DN22 ,"£1.730.766,00"
NT19,Total amount (£) spent through contract with LOCAL MSMEs,£,"£0,83",,,0,0.0,Project594,Construction,M44 ,"£900.000,00"
NT19,Total amount (£) spent through contract with LOCAL MSMEs,£,"£0,83",,,0,0.0,Project595,Construction,M3 ,"£300.000,00"
NT19,Total amount (£) spent through contract with LOCAL SMEs,£,"£0,83",2296250,1914966.08,0,0.0,Project630,Construction,M3 ,"£45.925.000,00"
NT19,Total amount (£) spent through contract with LOCAL MSMEs,£,"£0,96",,,0,0.0,Project633,Construction,B91 ,"£107.699,00"
NT19,Total amount (£) spent through contract with LOCAL MSMEs,£,"£0,72",,,"14860161,9",10646862.71,Project126,Construction,CM1 ,"£43.279.000,00"
NT19,Total amount (£) spent through contract with LOCAL MSMEs,£,"£0,72",,,"3285845,42",2354210.22,Project127,Construction,CM1 ,"£4.562.000,00"
NT19,Total amount (£) spent through contract with LOCAL MSMEs,£,"£0,72",,,5743857,4115302.2,Project129,Construction,N14 ,"£15.822.000,00"
NT19,Total amount (£) spent through contract with LOCAL MSMEs,£,"£0,48",,,"4719181,46",2281825.36,Project153,Construction,IG7 ,"£11.069.000,00"
NT19,Total amount (£) spent through contract with LOCAL MSMEs,£,"£0,55",,,"4186706,15",2311652.56,Project204,Construction,CM7 ,"£10.650.000,00"
NT19,Total amount (£) spent through contract with LOCAL MSMEs,£,"£0,55",,,"2054583,18",1134419.83,Project637,Construction,CM3 ,"£4.792.000,00"
NT19,Total amount (£) spent through contract with LOCAL MSMEs,£,"£0,64",,,"1042188,81",669168.66,Project640,Construction,YO62 ,"£2.410.000,00"
NT19,Total amount (£) spent through contract with LOCAL MSMEs,£,"£0,49",,,0,0.0,Project641,Construction,DN4 ,"£2.495.000,00"
NT19,Total amount (£) spent through contract with LOCAL MSMEs,£,"£0,73",,,0,0.0,Project148,Construction,EN5 ,"£9.359.467,00"
NT19,Total amount (£) spent through contract with LOCAL MSMEs,£,"£0,55",,,"5415153,73",2954833.01,Project645,Construction,SS6 ,"£8.609.000,00"
NT19,Total amount (£) spent through contract with LOCAL SMEs,£,"£0,74",,,0,0.0,Project646,Construction,NN11 ,"£30.085.329,00"
NT19,Total amount (£) spent through contract with LOCAL MSMEs,£,"£0,66",,,"556217,89",368393.78,Project647,Construction,B20 ,"£12.655.072,00"
NT19,Total amount (£) spent through contract with LOCAL MSMEs,£,"£0,78",,,0,0.0,Project114,Construction,CM23 ,"£44.071.371,00"
NT19,Total amount (£) spent through contract with LOCAL SMEs,£,"£0,66",53385,35234.1,0,0.0,Project655,Construction,SK1 ,"£410.584,00"
NT19,Total amount (£) spent through contract with LOCAL SMEs,£ spent,"£0,67",,,0,0.0,Project657,Construction,CV6 ,"£4.841.523,00"
NT19,Local Supply Chain Spend (SMEs),£,"£0,57",,,832262,474525.01,Project658,Construction,PL1 ,"£1.661.087,00"
NT19,Total amount (£) spent through contract with LOCAL MSMEs,£,"£0,53",,,0,0.0,Project662,Construction,NG31 ,"£1.216.467,00"
NT19,Total amount (£) spent through contract with LOCAL MSMEs,£,"£0,75",,,0,0.0,Project663,Construction,NW6 ,"£11.363.776,00"
NT19,Total amount (£) spent through contract with LOCAL MSMEs,£,"£0,60",0,0.0,0,0.0,Project664,Construction,WF1 ,"£241.955,00"
NT19,Local Supply Chain Spend (SMEs),£,"£0,54",1657500,891710.3,523355,281557.19,Project675,Construction,NG15 ,"£5.300.000,00"
NT19,Local Supply Chain Spend (SMEs),£,"£0,58",,,0,0.0,Project681,Construction,nn8 ,"£998.806,00"
NT19,Total amount (£) spent through contract with LOCAL MSMEs,£,"£0,53",,,0,0.0,Project140,Construction,ME1 ,"£37.276.958,00"
NT19,Total amount (£) spent through contract with LOCAL MSMEs,£,"£1,04",,,0,0.0,Project683,Construction,HA2 ,"£22.500.000,00"
NT19,Total amount (£) spent through contract with LOCAL MSMEs (BS1-BS16),£,"£0,88",,,0,0.0,Project687,Construction,BS3 ,"£150.000,00"
NT19,Total amount (£) spent through contract with LOCAL MSMEs,£,"£0,89",,,0,0.0,Project205,Construction,WA3 ,"£8.097.454,00"
NT19,Total amount (£) spent through contract with LOCAL MSMEs,£,"£1,07",,,0,0.0,Project688,Construction,SE15 ,"£70.000.000,00"
NT19,Total amount (£) spent through contract with LOCAL MSMEs,£,"£1,09",650000,624088.01,0,0.0,Project690,Construction,B90 ,"£65.000.000,00"
NT19,Total amount (£) spent through contract with LOCAL MSMEs,£,"£0,96",,,0,0.0,Project691,Construction,AL7 ,"£44.000.000,00"
NT19,Total amount (£) spent through contract with LOCAL MSMEs,£,"£0,75",,,0,0.0,Project692,Construction,E16 ,"£27.000.000,00"
NT19,Total amount (£) spent through contract with LOCAL MSMEs,£,"£0,54",,,0,0.0,Project693,Construction,SS3 ,"£50.000.000,00"
NT19,Total amount (£) spent through contract with LOCAL MSMEs,£,"£0,86",,,0,0.0,Project694,Construction,W7 ,"£84.000.000,00"
NT19,Total amount (£) spent through contract with LOCAL SMEs,£ spent,"£0,67",,,0,0.0,Project695,Construction,CV2 ,"£3.600.000,00"
NT19,Total amount (£) spent through contract with LOCAL MSMEs,£,"£0,57",,,0,0.0,Project697,Construction,NG24 ,"£8.769.000,00"
NT19,Total amount (£) spent through contract with LOCAL MSMEs,£,"£0,88",,,0,0.0,Project698,Construction,PE6 ,"£4.795.770,00"
NT19,Total amount (£) spent through contract with LOCAL SMEs,£ spent,"£0,67",,,0,0.0,Project699,Construction,CV1 ,"£1.640.000,00"
NT19,Total amount (£) spent through contract with LOCAL MSMEs,£,"£0,62",,,0,0.0,Project701,Construction,ME10 ,"£42.956,00"
NT19,Total amount (£) spent through contract with LOCAL MSMEs,£,"£0,87",,,0,0.0,Project702,Construction,CM23 ,"£873.662,00"
NT19,Total amount (£) spent through contract with LOCAL MSMEs,£,"£0,54",,,0,0.0,Project703,Construction,NG24 ,"£6.250.000,00"
NT19,Total amount (£) spent through contract with LOCAL MSMEs,£,"£0,65",,,0,0.0,Project704,Construction,LE67 ,"£18.834.000,00"
NT19,Total amount (£) spent through contract with LOCAL MSMEs (BS1-BS16),£,"£0,88",,,0,0.0,Project706,Construction,BS3 ,"£54.297,00"
NT19,Total amount (£) spent through contract with LOCAL MSMEs,£,"£0,91",75000,67950.0,0,0.0,Project709,Construction,ls2 ,"£500.000,00"
NT19,Total amount (£) spent through contract with LOCAL MSMEs,£,"£1,08",,,0,0.0,Project712,Construction,M8 ,"£550.000,00"
NT19,Value of work awarded to Local MSMEs,£,"£0,68",,,0,0.0,Project718,Construction,KA13 ,"£11.774.315,00"
NT19,Total amount (£) spent through contract with LOCAL MSMEs,£,"£0,54",,,0,0.0,Project697,Construction,NG24 ,"£8.769.000,00"
NT19,Total amount (£) spent through contract with LOCAL MSMEs,£,"£0,81",,,0,0.0,Project698,Construction,PE6 ,"£4.376.000,00"
NT19,Total amount (£) spent through contract with LOCAL MSMEs,£,"£0,65",,,0,0.0,Project720,Construction,S1 ,"£24.500.000,00"
NT19,Total amount (£) spent through contract with LOCAL SMEs,£ spent,"£0,67",175500,117918.21,0,0.0,Project726,Construction,CV1 ,"£49.000.000,00"
NT19,Total amount (£) spent through contract with LOCAL MSMEs,£,"£0,63",,,7964,5049.23,Project137,Construction,L33 ,"£22.542.788,00"
NT19,Total amount (£) spent through contract with LOCAL MSMEs,£,"£0,96",,,0,0.0,Project729,Construction,B91 ,"£225.224,00"
NT19,Local Supply Chain Spend (SMEs),£,"£0,81",9286972,7549288.5,1276454,1037616.94,Project733,Construction,LS9 ,"£18.552.499,00"
NT19,Total amount (£) spent through contract with LOCAL MSMEs,£,"£1,08",,,0,0.0,Project734,Construction,M22 ,"£2.633.334,00"
NT19,Total amount (£) spent through contract with LOCAL MSMEs,£,"£0,96",,,0,0.0,Project738,Construction,pa1 ,"£500.000,00"
NT19,Local Supply Chain Spend (SMEs),£,"£0,95",,,3936105,3723474.24,Project741,Construction,WA14 ,"£7.500.000,00"
NT19,Total amount (£) spent through contract with LOCAL MSMEs,£,"£0,95",,,0,0.0,Project742,Construction,CW1 ,"£42.713.699,00"
NT19,Total amount (£) spent through contract with LOCAL MSMEs,£,"£0,50",,,0,0.0,Project509,Construction,OL16 ,"£6.217.591,00"
NT19,Total amount (£) spent through contract with LOCAL MSMEs,£,"£0,50",,,0,0.0,Project161,Construction,LE67 ,"£10.502.012,00"
NT19,Total amount (£) spent through contract with LOCAL MSMEs,£,"£0,46",,,0,0.0,Project206,Construction,WN2 ,"£24.671.673,00"
NT19,Total amount (£) spent through contract with LOCAL MSMEs,£,"£0,54",,,0,0.0,Project133,Construction,SK5 ,"£15.083.351,00"
NT19,Total amount (£) spent through contract with LOCAL MSMEs,£,"£0,46",,,0,0.0,Project743,Construction,M18 ,"£14.899.993,00"
NT19,Total amount (£) spent through contract with LOCAL MSMEs,£,"£0,50",,,0,0.0,Project198,Construction,OL11 ,"£9.155.000,00"
NT19,Local Supply Chain Spend (SMEs),£,"£0,78","283365,64",220840.4,0,0.0,Project745,Construction,UB2 ,"£4.092.081,00"
NT19,Value of work awarded to Local MSMEs,£,"£0,33",500000,165000.0,150000,49500.0,Project752,Construction,#VALUE!,"£1.000.000,00"
NT19,Value of work awarded to Local MSMEs,£,"£0,33",,,0,0.0,Project753,Construction,KA11 ,"£22.817.458,00"
NT19,Local Supply Chain Spend (SMEs),£,"£1,14",,,720,820.24,Project755,Construction,RG30 ,"£1.479.000,00"
NT19,Total amount (£) spent through contract with LOCAL MSMEs,£,"£0,81",,,0,0.0,Project730,Construction,TR13 ,"£3.340.000,00"
NT19,Total amount (£) spent through contract with LOCAL MSMEs,£,"£0,81",,,0,0.0,Project749,Construction,TR7 ,"£1.660.000,00"
NT19,Total amount (£) spent through contract with LOCAL MSMEs,£,"£0,81",,,0,0.0,Project748,Construction,SN1 ,"£1.220.000,00"
NT19,Value of work awarded to Local MSMEs,£,"£0,68",,,13201158,8937183.97,Project758,Construction,KY16 ,"£42.500.000,00"
NT19,Total amount (£) spent through contract with LOCAL MSMEs,£,"£0,81",,,0,0.0,Project759,Construction,LD3 ,"£3.640.000,00"
NT19,Total amount (£) spent through contract with LOCAL MSMEs,£,"£0,81",,,0,0.0,Project732,Construction,CF10 ,"£6.800.000,00"
NT19,Total amount (£) spent through contract with LOCAL MSMEs,£,"£0,81",,,0,0.0,Project760,Construction,TA21 ,"£990.000,00"
NT19,Total amount (£) spent through contract with LOCAL MSMEs,£,"£0,81",,,0,0.0,Project762,Construction,EX1 ,"£990.000,00"
NT19,Total amount (£) spent through contract with LOCAL MSMEs,£,"£0,81",,,0,0.0,Project763,Construction,TA6 ,"£1.440.000,00"
NT19,Total amount (£) spent through contract with LOCAL MSMEs,£ spent,"£1,08",,,0,0.0,Project764,Construction,M21 ,"£1.000.000,00"
NT19,Total amount (£) spent through contract with LOCAL MSMEs,£,"£0,52",,,0,0.0,Project765,Construction,FW4 ,"£1.100.000,00"
NT19,Total amount (£) spent through contract with LOCAL MSMEs,£,"£1,09",,,0,0.0,Project767,Construction,CR0 ,"£15.800.000,00"
NT19,Total amount (£) spent through contract with LOCAL MSMEs,£,"£1,83",,,0,0.0,Project770,Construction,ME14 ,"£4.800.000,00"
NT19,Total amount (£) spent through contract with LOCAL MSMEs,£,"£0,91",,,0,0.0,Project771,Construction,HP6 ,"£6.600.000,00"
NT19,Total amount (£) spent through contract with LOCAL MSMEs,£,"£0,55",,,0,0.0,Project772,Construction,M3 ,"£1.689.660,00"
NT19,Total amount (£) spent through contract with LOCAL MSMEs,£,"£0,55",,,0,0.0,Project773,Construction,M3 ,"£1.632.000,00"
NT19,Total amount (£) spent through contract with LOCAL MSMEs,£,"£0,55",,,0,0.0,Project774,Construction,M3 ,"£86.700,00"
NT19,Total amount (£) spent through contract with LOCAL MSMEs,£,"£0,96",,,0,0.0,Project775,Construction,FK9 ,"£53.000.000,00"
NT19,Value of work awarded to Local MSMEs,£,"£0,75",,,0,0.0,Project777,Construction,EH16 ,"£28.000.000,00"
NT19,Total amount (£) spent through contract with LOCAL MSMEs,£,"£1,06",,,0,0.0,Project778,Construction,SE1 ,"£20.000,00"
NT19,Total amount (£) spent through contract with LOCAL MSMEs,£,"£1,00",,,0,0.0,Project779,Construction,DA13 ,"£61.622.751,00"
NT19,Total amount (£) spent through contract with LOCAL SMEs,£ spent,"£0,67",5000,3359.49,0,0.0,Project781,Construction,CV4 ,"£38.500.000,00"
NT19,Total amount (£) spent through contract with LOCAL SMEs,£ spent,"£0,67",,,0,0.0,Project782,Construction,CV3 ,"£3.700.000,00"
NT19,Total amount (£) spent through contract with LOCAL SMEs,£ spent,"£0,67",50000,33594.93,0,0.0,Project783,Construction,CV6 ,"£400.000,00"
NT19,Total amount (£) spent through contract with LOCAL MSMEs,£,"£0,79",,,0,0.0,Project785,Construction,CF10 ,"£29.666.667,00"
NT19,Total amount (£) spent through contract with LOCAL SMEs,£ spent,"£0,67",500,335.95,0,0.0,Project786,Construction,CV7 ,"£105.720.000,00"
NT19,Total amount (£) spent through contract with LOCAL MSMEs,£,"£0,62",,,0,0.0,Project788,Construction,DA13 ,"£300.000,00"
NT19,Total amount (£) spent through contract with LOCAL MSMEs,£,"£0,71",,,211770,150144.93,Project789,Construction,NR33 ,"£4.000.000,00"
NT19,Total amount (£) spent through contract with LOCAL MSMEs,£,"£0,62",,,940,585.01,Project788,Construction,DA13 ,"£670.000,00"
NT19,Local Supply Chain Spend (MSMEs),£,"£1,23",,,"8359951,83",10240706.46,Project431,Construction,RG30 ,"£157.410.411,00"
NT19,Total amount (£) spent through contract with LOCAL MSMEs,£,"£0,64",,,0,0.0,Project791,Construction,DN14 ,"£4.600.000,00"
NT19,Total amount (£) spent through contract with LOCAL MSMEs,£,"£0,96",,,0,0.0,Project331,Construction,SG1 ,"£5.375.000,00"
NT19,Total amount (£) spent through contract with LOCAL MSMEs,£,"£0,96",,,0,0.0,Project331,Construction,SG1 ,"£5.735.000,00"
NT19,Total amount (£) spent through contract with LOCAL MSMEs,£,"£0,96",,,0,0.0,Project331,Construction,SG1 ,"£5.735.000,00"
NT19,Total amount (£) spent through contract with LOCAL MSMEs,£,"£0,96",,,0,0.0,Project331,Construction,SG1 ,"£5.730.000,00"
NT19,Total amount (£) spent through contract with LOCAL MSMEs,£,"£0,61",,,0,0.0,Project312,Construction,CR9 ,"£12.000.000,00"
NT19,Total amount (£) spent through contract with LOCAL MSMEs,£,"£0,61",,,0,0.0,Project312,Construction,CR9 ,"£24.000.000,00"
NT19,Total amount (£) spent through contract with LOCAL MSMEs,£,"£0,61",,,0,0.0,Project312,Construction,CR9 ,"£21.000.000,00"
NT19,Total amount (£) spent through contract with LOCAL MSMEs,£,"£0,61",,,0,0.0,Project312,Construction,CR9 ,"£24.000.000,00"
NT19,Local Supply Chain Spend (SMEs),£,"£1,14",,,0,0.0,Project755,Construction,RG30 ,"£2.000.000,00"
NT19,Total amount (£) spent through contract with LOCAL MSMEs,£,"£0,66",,,0,0.0,Project795,Construction,EX31 ,"£7.000.000,00"
NT19,Total amount (£) spent through contract with LOCAL MSMEs,£,"£0,79",,,0,0.0,Project796,Construction,CF62 ,"£8.400.000,00"
NT19,Total amount (£) spent through contract with LOCAL MSMEs,£,"£1,23",,,0,0.0,Project797,Construction,RG1 ,"£7.700.000,00"
NT19,Total amount (£) spent through contract with LOCAL MSMEs,£,"£0,79",,,0,0.0,Project798,Construction,CF35 ,"£25.000.000,00"
NT19,Total amount (£) spent through contract with LOCAL MSMEs,£,"£0,55",,,0,0.0,Project799,Construction,M14 ,"£5.798.799,00"
NT19,Total amount (£) spent through contract with LOCAL MSMEs,£,"£0,55",,,0,0.0,Project800,Construction,M15 ,"£524.972,00"
NT19,Total amount (£) spent through contract with LOCAL MSMEs,£,"£1,06",,,0,0.0,Project801,Construction,SE1 ,"£70.000.000,00"
NT19,Total amount (£) spent through contract with LOCAL MSMEs,£,"£0,62",20000,12447.05,0,0.0,Project788,Construction,DA13 ,"£100.000,00"
NT19,Total amount (£) spent through contract with LOCAL MSMEs,£,"£0,83",,,0,0.0,Project135,Construction,M28 ,"£37.076.000,00"
NT19,Total amount (£) spent through contract with LOCAL MSMEs,£,"£0,87",,,0,0.0,Project802,Construction,CV11 ,"£6.582.000,00"
NT19,Value of work awarded to Local MSMEs,£,"£0,75",,,0,0.0,Project803,Construction,EH21 ,"£32.000.000,00"
NT19,Value of work awarded to Local MSMEs,£,"£0,75",,,0,0.0,Project804,Construction,#VALUE!,"£39.500.000,00"
NT19,Total amount (£) spent through contract with LOCAL MSMEs,£,"£0,83",,,0,0.0,Project805,Construction,m27 ,"£1.200.000,00"
NT19,Total amount (£) spent through contract with LOCAL MSMEs,£,"£0,83",,,0,0.0,Project806,Construction,m27 ,"£600.000,00"
NT19,Total amount (£) spent through contract with LOCAL MSMEs,£,"£0,62",0,0.0,"1045,49",650.66,Project788,Construction,DA13 ,"£1.750.000,00"
NT19,Local Supply Chain Spend (SMEs),£,"£1,14",,,"8266,14",9416.93,Project755,Construction,RG30 ,"£18.500.000,00"
NT19,Total amount (£) spent through contract with LOCAL MSMEs,£,"£1,08",,,0,0.0,Project809,Construction,M40 ,"£1.000.316.000,00"
NT19,Total amount (£) spent through contract with LOCAL MSMEs,£,"£0,61",,,0,0.0,Project811,Construction,PO20 ,"£6.500.000,00"
NT19,Total amount (£) spent through contract with LOCAL MSMEs,£,"£0,61",,,0,0.0,Project812,Construction,PO20 ,"£4.800.000,00"
NT19,Total amount (£) spent through contract with LOCAL MSMEs,£,"£0,55",,,0,0.0,Project813,Construction,CM7 ,"£9.986.526,00"
NT19,Total amount (£) spent through contract with LOCAL MSMEs,£,"£0,52",,,0,0.0,Project814,Construction,FY1 ,"£3.500.000,00"
NT19,Total amount (£) spent through contract with LOCAL MSMEs,£,"£0,47",,,0,0.0,Project815,Construction,DH1 ,"£4.600.000,00"
NT19,Total amount (£) spent through contract with LOCAL MSMEs,£,"£0,62",,,0,0.0,Project788,Construction,DA13 ,"£280.250,00"
NT19,Total amount (£) spent through contract with LOCAL MSMEs,£,"£1,00",,,1325000,1325000.0,Project816,Construction,M43 ,"£25.000.000,00"
NT19,Local Supply Chain Spend (SMEs),£,"£0,79",,,0,0.0,Project820,Construction,CH3 ,"£6.258.666,00"
NT19,Total amount (£) spent through contract with LOCAL MSMEs,£,"£0,60",,,0,0.0,Project821,Construction,BA20 ,"£800.000,00"
NT19,Total amount (£) spent through contract with LOCAL MSMEs,£,"£0,91",,,0,0.0,Project828,Construction,ls1 ,"£49.600.000,00"
NT19,Value of work awarded to Local MSMEs,£,"£0,46",,,0,0.0,Project830,2020_Construction,KA9 ,"£1.970.860,00"
NT19,Total amount (£) spent through contract with LOCAL MSMEs,£,"£0,62",,,0,0.0,Project788,Construction,DA13 ,"£32.000,00"
NT19,Total amount (£) spent through contract with LOCAL MSMEs,£,"£0,62",,,0,0.0,Project788,Construction,DA13 ,"£26.000,00"
NT19,Total amount (£) spent through contract with LOCAL MSMEs,£,"£0,61",,,0,0.0,Project832,Construction,TS22 ,"£3.095.000,00"
NT19,Total amount (£) spent through contract with LOCAL MSMEs,£,"£0,53",,,0,0.0,Project641,Construction,DN4 ,"£19.108.000,00"
NT19,Total amount (£) spent through contract with LOCAL MSMEs,£,"£0,89",,,0,0.0,Project135,Construction,M28 ,"£17.212.433,00"
NT19,Total amount (£) spent through contract with LOCAL MSMEs,£,"£0,62",,,0,0.0,Project328,Construction,CO4 ,"£14.888,00"
NT19,Total amount (£) spent through contract with LOCAL MSMEs,£,"£0,73",,,0,0.0,Project163,Construction,LE19 ,"£6.212.000,00"
NT19,Value of work awarded to Local MSMEs,£,"£0,66",,,0,0.0,Project837,Construction,ML4 ,"£17.650.000,00"
NT19,Total amount (£) spent through contract with LOCAL MSMEs,£,"£0,71",,,3000,2128.63,Project838,2020_Construction,L1 ,"£9.480.000,00"
NT19,Total amount (£) spent through contract with LOCAL MSMEs,£,"£0,76",,,0,0.0,Project839,Construction,PO1 ,"£3.000.000,00"
NT19,Total amount (£) spent through contract with LOCAL MSMEs,£,"£7,59",,,0,0.0,Project840,Construction,NW8 ,"£4.790,00"
NT19,Total amount (£) spent through contract with LOCAL MSMEs,£,"£0,74",,,0,0.0,Project195,Construction,NN3 ,"£3.905.220,00"
